<profile version="1.0">
  <option name="myName" value="Default" />
  <inspection_tool class="PyPep8Inspection" enabled="true" level="WEAK WARNING" enabled_by_default="true">
    <option name="ignoredErrors">
      <list>
        <option value="E501" />
      </list>
    </option>
  </inspection_tool>
  <inspection_tool class="PyPep8NamingInspection" enabled="true" level="WEAK WARNING" enabled_by_default="true">
    <option name="ignoredErrors">
      <list>
        <option value="N802" />
        <option value="N803" />
        <option value="N806" />
      </list>
    </option>
  </inspection_tool>
  <inspection_tool class="PyUnresolvedReferencesInspection" enabled="true" level="WARNING" enabled_by_default="true">
    <option name="ignoredIdentifiers">
      <list>
        <option value="simpleServer.msgProcessor" />
        <option value="common.*" />
        <option value="可根据实际情况增加所需参数" />
      </list>
    </option>
  </inspection_tool>
</profile>